{
  "total_examples": 1016,
  "eps_labels": 1.0,
  "flip_rate": 0.4891732283464567,
  "keep_rate": 0.5108267716535433,
  "mean_abs_margin": 0.8017871585438492,
  "median_abs_margin": 0.6782533351362049,
  "std_abs_margin": 0.5976096990462755,
  "mean_p_keep": 0.5011128913934265,
  "median_p_keep": 0.511732608351667,
  "min_p_keep": 0.10012862481624642,
  "max_p_keep": 0.9593655279403422,
  "p_keep_histogram": {
    "bin_centers": [
      0.05,
      0.15000000000000002,
      0.25,
      0.35000000000000003,
      0.45,
      0.55,
      0.6500000000000001,
      0.75,
      0.8500000000000001,
      0.95
    ],
    "counts": [
      0,
      89,
      127,
      126,
      145,
      168,
      157,
      126,
      61,
      17
    ],
    "percentages": [
      0.0,
      8.759842519685039,
      12.5,
      12.401574803149607,
      14.271653543307087,
      16.535433070866144,
      15.452755905511811,
      12.401574803149607,
      6.003937007874016,
      1.673228346456693
    ]
  }
}