{
  "mechanism": "Binary Exponential Mechanism (RR-with-prior)",
  "total_examples": 2000,
  "eps_labels": 1.0,
  "sensitivity": 1.0,
  "flip_rate": 0.525,
  "keep_rate": 0.475,
  "mean_abs_margin": 0.4918781783390345,
  "median_abs_margin": 0.4797308001478604,
  "std_abs_margin": 0.2961272628142221,
  "min_margin": -1.0,
  "max_margin": 1.0,
  "mean_p_keep": 0.4486624695832249,
  "median_p_keep": 0.42201607691254334,
  "min_p_keep": 0.2689414213699951,
  "max_p_keep": 0.7310585786300049,
  "p_keep_histogram": {
    "bin_centers": [
      0.05,
      0.15000000000000002,
      0.25,
      0.35000000000000003,
      0.45,
      0.55,
      0.6500000000000001,
      0.75,
      0.8500000000000001,
      0.95
    ],
    "counts": [
      0,
      0,
      187,
      671,
      544,
      316,
      147,
      135,
      0,
      0
    ],
    "percentages": [
      0.0,
      0.0,
      9.35,
      33.550000000000004,
      27.200000000000003,
      15.8,
      7.35,
      6.75,
      0.0,
      0.0
    ]
  }
}